match_id,date,team_a,team_b,stage
1,2026-06-11,Mexico,South Africa,Group Stage
2,2026-06-12,Canada,Qatar,Group Stage
3,2026-06-13,Brazil,Morocco,Group Stage
4,2026-06-14,Argentina,Austria,Group Stage
5,2026-06-15,Spain,Uruguay,Group Stage
