match_id,selection,decimal_odds
1,Mexico,1.65
1,Draw,3.7
1,South Africa,5.2
2,Canada,2.05
2,Draw,3.25
2,Qatar,3.6
3,Brazil,1.8
3,Draw,3.5
3,Morocco,4.7
4,Argentina,1.55
4,Draw,4.0
4,Austria,6.0
5,Spain,1.95
5,Draw,3.4
5,Uruguay,3.9
